INSERT INTO public.brand (primaryKey, name) VALUES ('97ecca4b-7987-44a8-8373-b16f29eb1292', 'VW');
INSERT INTO public.brand (primaryKey, name) VALUES ('20397d66-2b78-40fd-bff2-feb286f789bc', 'ВАЗ');
INSERT INTO public.brand (primaryKey, name) VALUES ('21810a6f-ca5e-4302-9844-a1544db269d8', 'BMW');

INSERT INTO public.producingcountry (primaryKey, name) VALUES ('9a03d556-0144-451f-b3ba-d281b47352ac', 'Китай');
INSERT INTO public.producingcountry (primaryKey, name) VALUES ('dde0dc46-5306-4f3e-adec-881b0f43cf3a', 'США');
INSERT INTO public.producingcountry (primaryKey, name) VALUES ('7b4f2923-9e21-4d7a-9f40-676acd9cafbb', 'Россия');

INSERT INTO public.car (primaryKey, carnumber, carbody, cardate, brand_m0) VALUES ('df6b49f6-570e-407f-8336-a6014a18d820', 'В777ОР', 'Crossover', '2022-01-12 12:00:00.000', '20397d66-2b78-40fd-bff2-feb286f789bc');
INSERT INTO public.car (primaryKey, carnumber, carbody, cardate, brand_m0) VALUES ('b88322dd-07aa-495c-aecc-b9e85439e00a', 'Х111АМ', 'Crossover', '2022-02-12 12:00:00.000', '20397d66-2b78-40fd-bff2-feb286f789bc');
INSERT INTO public.car (primaryKey, carnumber, carbody, cardate, brand_m0) VALUES ('3cf4dfe5-5c43-4714-94b3-349414faa43b', 'А123ВС', 'Crossover', '2022-03-12 12:00:00.000', '97ecca4b-7987-44a8-8373-b16f29eb1292');
INSERT INTO public.car (primaryKey, carnumber, carbody, cardate, brand_m0) VALUES ('8b0c6e67-b73e-47ca-b12b-ac9ac92b440d', 'Н222НН', 'Sedan', '2022-04-12 12:00:00.000', '97ecca4b-7987-44a8-8373-b16f29eb1292');
INSERT INTO public.car (primaryKey, carnumber, carbody, cardate, brand_m0) VALUES ('7700ffef-7f50-44f7-a7c8-88e3799eeb45', 'М333ММ', 'Sedan', '2022-05-12 12:00:00.000', '97ecca4b-7987-44a8-8373-b16f29eb1292');
INSERT INTO public.car (primaryKey, carnumber, carbody, cardate, brand_m0) VALUES ('a9da1f6a-573d-4ab0-8246-aeff922d8ec9', 'С444СС', 'Sedan', '2022-06-12 12:00:00.000', '97ecca4b-7987-44a8-8373-b16f29eb1292');
INSERT INTO public.car (primaryKey, carnumber, carbody, cardate, brand_m0) VALUES ('1f82a2a5-f9fc-4d48-b750-f911892c0978', 'А555АА', 'Sedan', '2022-07-12 12:00:00.000', '97ecca4b-7987-44a8-8373-b16f29eb1292');
INSERT INTO public.car (primaryKey, carnumber, carbody, cardate, brand_m0) VALUES ('4a25aa9d-30c0-4fe0-a4fc-0512a69f9547', 'У666УУ', 'Sedan', '2022-08-12 12:00:00.000', '97ecca4b-7987-44a8-8373-b16f29eb1292');
INSERT INTO public.car (primaryKey, carnumber, carbody, cardate, brand_m0) VALUES ('af7639d1-a121-44b4-827d-01a736859702', 'А777МР', 'Sedan', '2022-09-12 12:00:00.000', '20397d66-2b78-40fd-bff2-feb286f789bc');
INSERT INTO public.car (primaryKey, carnumber, carbody, cardate, brand_m0) VALUES ('9f9e9d0a-9a34-4174-8547-38841ba4a74d', 'Х888ХХ', 'Sedan', '2022-10-12 12:00:00.000', '20397d66-2b78-40fd-bff2-feb286f789bc');
INSERT INTO public.car (primaryKey, carnumber, carbody, cardate, brand_m0) VALUES ('b53b595b-1907-4bc8-adad-4b457dc5bef9', 'В999ВВ', 'Sedan', '2022-11-12 12:00:00.000', '20397d66-2b78-40fd-bff2-feb286f789bc');
INSERT INTO public.car (primaryKey, carnumber, carbody, cardate, brand_m0) VALUES ('15c31a42-0273-4efb-94b0-2ca15f1dd336', 'К001МС', 'Sedan', '2022-12-12 12:00:00.000', '20397d66-2b78-40fd-bff2-feb286f789bc');
INSERT INTO public.car (primaryKey, carnumber, carbody, cardate, brand_m0) VALUES ('046bc524-125c-47bc-8451-4d712034ff19', 'О000ОО', 'Sedan', '2022-01-10 10:00:00.000', '21810a6f-ca5e-4302-9844-a1544db269d8');
INSERT INTO public.car (primaryKey, carnumber, carbody, cardate, brand_m0) VALUES ('62183551-8391-4a92-b5c6-68fc5bc6d355', 'О025СМ', 'Sedan', '2022-02-10 10:00:00.000', '21810a6f-ca5e-4302-9844-a1544db269d8');
INSERT INTO public.car (primaryKey, carnumber, carbody, cardate, brand_m0) VALUES ('1b450dc0-de97-4074-9f32-df5c3b366170', 'А123ВС', 'Sedan', '2022-03-10 10:00:00.000', '21810a6f-ca5e-4302-9844-a1544db269d8');
INSERT INTO public.car (primaryKey, carnumber, carbody, cardate, brand_m0) VALUES ('6bc5ec5a-6d4f-482f-8fbc-68d451de6a70', 'А123ВС', 'Coupe', '2022-04-10 10:00:00.000', '97ecca4b-7987-44a8-8373-b16f29eb1292');
INSERT INTO public.car (primaryKey, carnumber, carbody, cardate, brand_m0) VALUES ('71697e45-a46f-405e-b618-e28eed58f8e4', 'А123ВС', 'Coupe', '2022-05-10 10:00:00.000', '97ecca4b-7987-44a8-8373-b16f29eb1292');
INSERT INTO public.car (primaryKey, carnumber, carbody, cardate, brand_m0) VALUES ('350a6dae-8942-46ce-a82f-c618879a40a2', 'А123ВС', 'Coupe', '2022-06-10 10:00:00.000', '21810a6f-ca5e-4302-9844-a1544db269d8');
INSERT INTO public.car (primaryKey, carnumber, carbody, cardate, brand_m0) VALUES ('7f58bb27-4983-4718-b9c7-2e6a0ad77c59', 'А123ВС', 'Coupe', '2022-07-10 10:00:00.000', '21810a6f-ca5e-4302-9844-a1544db269d8');
INSERT INTO public.car (primaryKey, carnumber, carbody, cardate, brand_m0) VALUES ('3ec055df-501d-4af2-bdd8-37a0900c69d7', 'А123ВС', 'Coupe', '2022-08-10 10:00:00.000', '21810a6f-ca5e-4302-9844-a1544db269d8');
INSERT INTO public.car (primaryKey, carnumber, carbody, cardate, brand_m0) VALUES ('30defa94-0572-4ebe-9fdd-09fc80a88e23', 'А123ВС', 'Coupe', '2022-09-10 10:00:00.000', '21810a6f-ca5e-4302-9844-a1544db269d8');

INSERT INTO public.sparepart (primaryKey, name, quantity, used, producingcountry_m0, car_m0) VALUES ('7e2be705-5350-439e-b2ab-73e1aa295cfe', 'Дворнки', 2, false, '9a03d556-0144-451f-b3ba-d281b47352ac', 'df6b49f6-570e-407f-8336-a6014a18d820');
INSERT INTO public.sparepart (primaryKey, name, quantity, used, producingcountry_m0, car_m0) VALUES ('6c331d74-af0f-4790-88fe-486529f9abed', 'Мозги', 1, true, '9a03d556-0144-451f-b3ba-d281b47352ac', '62183551-8391-4a92-b5c6-68fc5bc6d355');
INSERT INTO public.sparepart (primaryKey, name, quantity, used, producingcountry_m0, car_m0) VALUES ('c119d4ce-3876-468c-a298-446898e177f5', 'Ризинки дверей', 2, false, '9a03d556-0144-451f-b3ba-d281b47352ac', '62183551-8391-4a92-b5c6-68fc5bc6d355');
INSERT INTO public.sparepart (primaryKey, name, quantity, used, producingcountry_m0, car_m0) VALUES ('d45d9dc1-0b6a-46a5-a94d-350985e254e7', 'Двигатель', 1, true, '9a03d556-0144-451f-b3ba-d281b47352ac', '62183551-8391-4a92-b5c6-68fc5bc6d355');
INSERT INTO public.sparepart (primaryKey, name, quantity, used, producingcountry_m0, car_m0) VALUES ('7cff089b-3417-4c0f-8043-452e8bd1b76d', 'Двери', 4, false, '9a03d556-0144-451f-b3ba-d281b47352ac', '6bc5ec5a-6d4f-482f-8fbc-68d451de6a70');
INSERT INTO public.sparepart (primaryKey, name, quantity, used, producingcountry_m0, car_m0) VALUES ('2c5b98e5-26d8-456e-9679-92148e63eb24', 'КПП', 1, true, '9a03d556-0144-451f-b3ba-d281b47352ac', '7700ffef-7f50-44f7-a7c8-88e3799eeb45');
INSERT INTO public.sparepart (primaryKey, name, quantity, used, producingcountry_m0, car_m0) VALUES ('47e7abec-06cd-40aa-8a24-48d027f159f5', 'Колодки', 2, false, '7b4f2923-9e21-4d7a-9f40-676acd9cafbb', '15c31a42-0273-4efb-94b0-2ca15f1dd336');
INSERT INTO public.sparepart (primaryKey, name, quantity, used, producingcountry_m0, car_m0) VALUES ('931a3061-3b54-4af2-a000-b97d144b4b3d', 'Руль', 1, true, '9a03d556-0144-451f-b3ba-d281b47352ac', '15c31a42-0273-4efb-94b0-2ca15f1dd336');
INSERT INTO public.sparepart (primaryKey, name, quantity, used, producingcountry_m0, car_m0) VALUES ('5d344851-a391-4d92-aa1a-81aa3e5ff6cd', 'Дворнки', 2, false, 'dde0dc46-5306-4f3e-adec-881b0f43cf3a', '71697e45-a46f-405e-b618-e28eed58f8e4');